------------------------------------------------------------------------
-------------Entrada de datos del informe CERTIFICADO-------------------
------------------------------------------------------------------------
--------Tablas Generales (con estos se crean los detalles)--------------
------------------------------------------------------------------------
insert EGRESADO
(DNIEGRE, NOMEGRE, APEEGRE)
Values
('70162671', 'Raul', 'Sulca'),
('70721031', 'María', 'Quispe'),
('73621578', 'José', 'Flores'),
('72568467', 'Luis', 'Rodríguez'),
('70153678', 'Ana', 'Mamani'),
('79567343', 'Julio', 'Ramos'),
('78574464', 'Juana', 'Espinoza'),
('70002445', 'Daniel', 'Gutiérrez'),
('79842353', 'Alejandro', 'Rivera'),
('70145641', 'Walter', 'Napán'),
('70165651', 'Fernando', 'Paredes'),
('70134456', 'Alex', 'Morales'),
('70167971', 'David ', 'Huamán'),
('70165620', 'Flor', 'Castillo'),
('75649755', 'Elizabeth', 'Catro'),
('77501357', 'Manuel', 'Reyes'),
('76623423', 'Diego', 'Salazar'),
('70031567', 'Edwin', 'Ramos'),
('70775412', 'Óscar', 'García'),
('71143416', 'Ángel', 'Chávez'),
('70143415', 'César', 'Fernández'),
('73143516', 'Gustavo', 'Gómez'),
('77145416', 'Georgeos', 'Patsias'),
('70143416', 'Ekaterine', 'Patsias'),
('70143419', 'Camila', 'Sessarego'),
('70804583', 'Kiara', 'Asipali'),
('77234324', 'Leonardo', 'Rebatta'),
('73676576', 'Anderson', 'Carmona'),
('79832479', 'Johao', 'Martinez'),
('70198098', 'Mayra', 'Fernández'),
('70154345', 'Gabriela', 'Gómez'),
('70434232', 'Angel', 'Valera'),
('70154556', 'Gianluca', 'Lapadula'),
('79088564', 'Paolo', 'Guerrero'),
('77987234', 'Andre', 'Carrillo'),
('76903492', 'Christian', 'Cueva'),
('77098423', 'Yosimar', 'Yotún'),
('75834567', 'Dani', 'Flow'),
('78903849', 'El', 'Bicho'),
('79234322', 'Messi', 'Rve')
go

insert RESOLUCION
(CODRESOLU, FECHRESOLU, LIBRO, FOLIO, REGISTRO)
Values
('35-751-55', '1985-11-30 20:20:00', 'Libro 12', '251', '0144-1985'),
('45-652-78', '1987-04-15 15:30:12', 'Libro 35', '89', '0142-1987'),
('10-025-94', '1955-12-05 14:45:27', 'Libro 54', '177', '0784-1955'),
('10-087-56', '1973-06-01 21:50:15', 'Libro 32', '273', '0578-1973'),
('10-358-12', '1957-08-15 06:15:14', 'Libro 45', '153', '0185-1957'),
('21-753-30', '1967-09-29 01:24:10', 'Libro 78', '300', '0678-1967'),
('78-159-74', '1998-07-25 23:54:10', 'Libro 20', '165', '0132-1998'),
('65-753-10', '1974-04-20 10:36:16', 'Libro 09', '215', '0745-1974'),
('85-852-85', '1985-06-27 06:45:35', 'Libro 15', '108', '0965-1985'),
('45-741-20', '2000-10-24 09:35:45', 'Libro 85', '75', '0148-2000'),
('46-963-96', '2020-11-27 16:59:25', 'Libro 45', '93', '0650-2020'),
('75-789-30', '2015-12-24 15:10:16', 'Libro 21', '247', '0475-2015'),
('02-456-14', '2005-02-14 12:17:35', 'Libro 78', '27', '0578-2005'),
('54-025-72', '2002-01-12 17:39:45', 'Libro 56', '270', '0365-2002'),
('64-123-58', '2004-02-16 12:17:10', 'Libro 59', '77', '0145-2004'),
('87-456-36', '2008-02-10 19:51:34', 'Libro 89', '226', '0154-2008'),
('48-764-90', '2007-05-14 18:20:25', 'Libro 25', '100', '0452-2007'),
('25-349-76', '1965-11-20 07:17:19', 'Libro 14', '244', '0354-1965'),
('46-824-54', '2001-06-23 14:20:34', 'Libro 65', '10', '0457-2001'),
('85-304-20', '2016-12-13 17:37:29', 'Libro 01', '217', '0478-2016'),
('45-612-91', '1984-06-01 16:22:05', 'Libro 24', '136', '0357-1984'),
('16-391-57', '1995-05-24 15:33:14', 'Libro 45', '184', '0784-1995'),
('12-234-58', '1958-07-14 11:55:11', 'Libro 37', '95', '0465-1958'),
('43-632-30', '1956-08-21 10:12:15', 'Libro 20', '135', '0467-1956'),
('80-630-44', '1991-01-03 04:33:13', 'Libro 57', '118', '0247-1991'),
('84-855-89', '1999-07-14 21:28:17', 'Libro 05', '143', '0784-1999'),
('97-957-14', '2012-06-07 15:49:59', 'Libro 01', '157', '0145-2012'),
('17-550-44', '2014-04-18 17:11:13', 'Libro 74', '113', '0798-2014'),
('81-428-93', '1975-08-29 06:22:12', 'Libro 98', '229', '0457-1975'),
('70-121-82', '2013-01-03 19:17:16', 'Libro 80', '47', '0468-2013'),
('48-259-54', '2018-03-04 22:26:18', 'Libro 10', '274', '0124-2018'),
('15-715-73', '2011-11-25 23:35:16', 'Libro 86', '276', '0452-2011'),
('44-672-50', '1980-10-28 03:48:25', 'Libro 24', '234', '0784-1980'),
('85-839-67', '1969-05-15 09:11:16', 'Libro 47', '207', '0357-1969'),
('95-621-29', '2006-12-27 14:38:32', 'Libro 06', '126', '0753-2006'),
('31-531-90', '1972-11-15 13:17:45', 'Libro 12', '11', '0951-1972'),
('38-778-42', '1971-09-10 12:33:32', 'Libro 29', '122', '0159-1971'),
('56-529-71', '1979-04-08 17:24:51', 'Libro 04', '250', '0456-1979'),
('46-618-48', '1963-05-01 16:46:17', 'Libro 32', '13', '0321-1963'),
('76-315-80', '1954-03-02 13:56:04', 'Libro 31', '48', '0987-1954')
go

insert MODALIDAD
(MODAESTU, MODAOBT)
Values
('P', 'Presencial'),
('S', 'Semipresencial'),
('D', 'A Distancia')
go

insert TITULO
(ABRETIT, TITULO)
Values
('B', 'Bachillerato'),
('T', 'Titulo Profesional'),
('M','Maestria'),
('D', 'Doctorado'),
('S', 'Post-Doctorado')
go

insert UNIVERSIDAD 
(CODUNI, NOMUNI)
Values
('001', 'Universidad Nacional Mayor de San Marcos'),
('002', 'Universidad Nacional de Piura'),
('003', 'Universidad Nacional Federico Villarreal'),
('004', 'Pontificia Universidad Católica del Perú'),
('005', 'Universidad Peruana Cayetano Heredia'),
('006', 'Universidad de Ingeniería y Tecnología'),
('007', 'Universidad del Pacífico'),
('008', 'Universidad de Lima'),
('009', 'Universidad Autónoma del Perú'),
('010', 'Universidad César Vallejo'),
('011','Universidad Nacional Agraria de la Selva'),
('012','Universidad Nacional Hermilio Valdizán de Huánuco'),
('013','Universidad Nacional de Educación Enrique Guzmán'),
('014','Universidad Nacional Daniel Alcides Carrión')
GO

insert FACULTAD
(CODFACUL, NOMFACUL)
Values
('01', 'Facultad de Ciencias Biológicas'),
('02', 'Facultad de Odontología'),
('03', 'Facultad de Medicina Humana'),
('04', 'Facultad de Derecho'),
('05', 'Facultad de Medicina Veterinaria'),
('06', 'Facultad de Ingeniería Electrónica y Eléctrica'),
('07', 'Facultad de Ingeniería de Sistemas e Informática'),
('08', 'Facultad de Arte y Diseño'),
('09', 'Facultad de Psicologia'),
('10', 'Facultad de Gastronomia'),
('11', 'Facultad de Nutricion'),
('12', 'Facultad de Economia'),
('13', 'Facultad de Educacion'),
('14', 'Facultad de Negocios')
go

insert ESCUELA
(CODESCU, NOMESCU)
Values
('01', 'Escuela Profesional de Genética y Biotecnología'),
('02', 'Escuela Profesional de Odontología'),
('03', 'Escuela Profesional de Medicina Humana'),
('04', 'Escuela Profesional de Derecho'),
('05', 'Escuela Profesional de Medicina Veterinaria'),
('06', 'Escuela Profesional de Ingeniería Electrónica'),
('07', 'Escuela Profesional de Ingeniería de Sistemas'),
('08', 'Escuela Profesional de Arte y Diseño'),
('09',' Escuela Profesional de Psicologia'),
('10', 'Escuela Profesional de Gastronomia'),
('11', 'Escuela Profesional de Nutricion'),
('12', 'Escuela Profesional de Economia'),
('13', 'Escuela Profesional de Educacion'),
('14', 'Escuela Profesional de Negocios')
go

insert FIRMA
(FIRMAAUT,TIPOAUT, NOMAUT, SELLOAUT)
Values
('FI001','Rector','Dr. Ramírez Roca, Pablo Sergio', 'Si'),
('FI002','Secretario General','Mg. Watanabe Velásquez, Romel Armando',null),
('FI003','Decano','Dr. Podestá Gavilano, Luis Enrique', null),
('FI004','Rector','Dr. German Small Arana', 'Si'),
('FI005','Rector','Dr. Delgado Castro, Alfredo', 'Si'),
('FI006','Decano','Dr. Utrilla Salazar, Darío', 'Si'),
('FI007','Secretario General','Dr. Navarro Depaz, Carlos Edmundo', 'Si'),
('FI008','Rector','Dra. Verónica Crousse de Vallongue', null),
('FI009','Secretario General','Dr. Orellana Manrique, Diego Oswaldo', 'Si'),
('FI010','Decana','Dra. María Raguz Zavala', 'Si'),
('FI011','Decano','Dr. Martín Beaumont', 'Si'),
('FI012','Secretario General','Dr. José de la Puente Brunke', null),
('FI013','Decano','Dr. Paulo Dam Mazzi', 'Si'),
('FI014','Decano','Dr. Julio del Valle Ballón', 'Si')
go

-----------------------------------------------------------------
-----Tablas con detalle (Necesita tablas especificas)---------
-----------------------------------------------------------------
insert CERTIFICADO
(NROCERTIFI, DNIEGRE, CODRESOLU)
Values
('0001','70162671', '35-751-55'),
('0002','70721031', '45-652-78'),
('0003','73621578', '10-025-94'),
('0004','72568467', '10-087-56'),
('0005','70153678', '10-358-12'),
('0006','79567343', '21-753-30'),
('0007','78574464', '78-159-74'),
('0008','70002445', '65-753-10'),
('0009','79842353', '85-852-85'),
('0010','70145641', '45-741-20'),
('0011','70165651', '46-963-96'),
('0012','70134456', '75-789-30'),
('0013','70167971', '02-456-14'),
('0014','70165620', '54-025-72'),
('0015','75649755', '64-123-58'),
('0016','77501357', '87-456-36'),
('0017','76623423', '48-764-90'),
('0018','70031567', '25-349-76'),
('0019','70775412', '46-824-54'),
('0020','70143416', '85-304-20'),
('0021','70143415', '45-612-91'),
('0022','73143516', '16-391-57'),
('0023','77145416', '12-234-58'),
('0024','70143416', '43-632-30'),
('0025','70143419', '80-630-44'),
('0026','70804583', '84-855-89'),
('0027','77234324', '97-957-14'),
('0028','73676576', '17-550-44'),
('0029','79832479', '81-428-93'),
('0030','70198098', '70-121-82'),
('0031','70154345', '48-259-54'),
('0032','70434232', '15-715-73'),
('0033','70154556', '44-672-50'),
('0034','79088564', '85-839-67'),
('0035','77987234', '95-621-29'),
('0036','76903492', '31-531-90'),
('0037','77098423', '38-778-42'),
('0038','75834567', '56-529-71'),
('0039','78903849', '46-618-48'),
('0040','79234322', '76-315-80')
go

insert DETALLEFACULTAD
(NROCERTIFI, CODUNI, CODFACUL)
Values
('0001','001','01'),
('0002','002','02'),
('0003','003','03'),
('0004','004','04'),
('0005','005','05'),
('0006','006','06'),
('0007','007','07'),
('0008','008','08'),
('0009','009','09'),
('0010','010','10'),
('0011','011','11'),
('0012','012','12'),
('0013','013','13'),
('0014','014','14'),
('0015','001','01'),
('0016','002','02'),
('0017','003','03'),
('0018','004','04'),
('0019','005','05'),
('0020','006','06'),
('0021','007','07'),
('0022','008','08'),
('0023','009','09'),
('0024','010','10'),
('0025','011','11'),
('0026','012','12'),
('0027','013','13'),
('0028','014','14'),
('0029','001','01'),
('0030','002','02'),
('0031','003','03'),
('0032','004','04'),
('0033','005','05'),
('0034','006','06'),
('0035','007','07'),
('0036','008','08'),
('0037','009','09'),
('0038','010','10'),
('0039','011','11'),
('0040','012','12')
go

insert DETALLEESCUELA
(NROCERTIFI, CODUNI, CODFACUL, CODESCU)
Values
('0001','001','01','01'),
('0002','002','02','02'),
('0003','003','03','03'),
('0004','004','04','04'),
('0005','005','05','05'),
('0006','006','06','06'),
('0007','007','07','07'),
('0008','008','08','08'),
('0009','009','09','09'),
('0010','010','10','10'),
('0011','011','11','11'),
('0012','012','12','12'),
('0013','013','13','13'),
('0014','014','14','14'),
('0015','001','01','01'),
('0016','002','02','02'),
('0017','003','03','03'),
('0018','004','04','04'),
('0019','005','05','05'),
('0020','006','06','06'),
('0021','007','07','07'),
('0022','008','08','08'),
('0023','009','09','09'),
('0024','010','10','10'),
('0025','011','11','11'),
('0026','012','12','12'),
('0027','013','13','13'),
('0028','014','14','14'),
('0029','001','01','01'),
('0030','002','02','02'),
('0031','003','03','03'),
('0032','004','04','04'),
('0033','005','05','05'),
('0034','006','06','06'),
('0035','007','07','07'),
('0036','008','08','08'),
('0037','009','09','09'),
('0038','010','10','10'),
('0039','011','11','11'),
('0040','012','12','12')
go

insert DETALLETITULO
(NROCERTIFI, CODUNI, CODFACUL, CODESCU, ABRETIT)
Values
('0001','001','01','01','B'),
('0002','002','02','02','T'),
('0003','003','03','03','M'),
('0004','004','04','04','D'),
('0005','005','05','05','S'),
('0006','006','06','06','B'),
('0007','007','07','07','T'),
('0008','008','08','08','M'),
('0009','009','09','09','D'),
('0010','010','10','10','S'),
('0011','011','11','11','B'),
('0012','012','12','12','T'),
('0013','013','13','13','M'),
('0014','014','14','14','D'),
('0015','001','01','01','S'),
('0016','002','02','02','B'),
('0017','003','03','03','T'),
('0018','004','04','04','M'),
('0019','005','05','05','D'),
('0020','006','06','06','S'),
('0021','007','07','07','B'),
('0022','008','08','08','T'),
('0023','009','09','09','M'),
('0024','010','10','10','D'),
('0025','011','11','11','S'),
('0026','012','12','12','B'),
('0027','013','13','13','T'),
('0028','014','14','14','M'),
('0029','001','01','01','D'),
('0030','002','02','02','S'),
('0031','003','03','03','B'),
('0032','004','04','04','T'),
('0033','005','05','05','M'),
('0034','006','06','06','D'),
('0035','007','07','07','S'),
('0036','008','08','08','B'),
('0037','009','09','09','T'),
('0038','010','10','10','M'),
('0039','011','11','11','D'),
('0040','012','12','12','S')
go

insert DETALLEMODALIDAD
(NROCERTIFI, CODUNI, CODFACUL, CODESCU, MODAESTU)
Values
('0001','001','01','01','P'),
('0002','002','02','02','S'),
('0003','003','03','03','D'),
('0004','004','04','04','P'),
('0005','005','05','05','S'),
('0006','006','06','06','D'),
('0007','007','07','07','P'),
('0008','008','08','08','S'),
('0009','009','09','09','D'),
('0010','010','10','10','P'),
('0011','011','11','11','S'),
('0012','012','12','12','D'),
('0013','013','13','13','P'),
('0014','014','14','14','S'),
('0015','001','01','01','D'),
('0016','002','02','02','P'),
('0017','003','03','03','S'),
('0018','004','04','04','D'),
('0019','005','05','05','P'),
('0020','006','06','06','S'),
('0021','007','07','07','D'),
('0022','008','08','08','P'),
('0023','009','09','09','S'),
('0024','010','10','10','D'),
('0025','011','11','11','P'),
('0026','012','12','12','S'),
('0027','013','13','13','D'),
('0028','014','14','14','P'),
('0029','001','01','01','S'),
('0030','002','02','02','D'),
('0031','003','03','03','P'),
('0032','004','04','04','S'),
('0033','005','05','05','D'),
('0034','006','06','06','P'),
('0035','007','07','07','S'),
('0036','008','08','08','D'),
('0037','009','09','09','P'),
('0038','010','10','10','S'),
('0039','011','11','11','D'),
('0040','012','12','12','P')
go

insert DETALLEAUTORIDAD
(NROCERTIFI, FIRMAAUT)
Values
('0001','FI001'),
('0002','FI002'),
('0003','FI003'),
('0004','FI004'),
('0005','FI005'),
('0006','FI006'),
('0007','FI007'),
('0008','FI008'),
('0009','FI009'),
('0010','FI010'),
('0011','FI011'),
('0012','FI012'),
('0013','FI013'),
('0014','FI014'),
('0015','FI001'),
('0016','FI002'),
('0017','FI003'),
('0018','FI004'),
('0019','FI005'),
('0020','FI006'),
('0021','FI007'),
('0022','FI008'),
('0023','FI009'),
('0024','FI010'),
('0025','FI011'),
('0026','FI012'),
('0027','FI013'),
('0028','FI014'),
('0029','FI001'),
('0030','FI002'),
('0031','FI003'),
('0032','FI004'),
('0033','FI005'),
('0034','FI006'),
('0035','FI007'),
('0036','FI008'),
('0037','FI009'),
('0038','FI010'),
('0039','FI011'),
('0040','FI012')
go

--------------------------------------------------------------
-----------------Visualizacion de datos-----------------------
--------------------------------------------------------------
Select * from UNIVERSIDAD
go

Select * from CERTIFICADO
go

Select * from EGRESADO
go

Select * from RESOLUCION
go

Select * from DETALLEFACULTAD
go

Select * from RESOLUCION
go

Select * from DETALLEESCUELA
go

Select * from ESCUELA
go

Select * from DETALLETITULO
go

Select * from TITULO
go

Select * from DETALLEMODALIDAD
go

Select * from MODALIDAD
go

Select * from FIRMA
go

Select * from DETALLEAUTORIDAD
go
